{
  "algorithm": "SA",
  "best_value": 15.641488679490912,
  "params": {
    "initial_temp": 406.50132333542336,
    "cooling_rate": 0.9460866226422978,
    "min_temp": 0.0033948182560532675,
    "max_steps": 3696
  },
  "study_name": "tsp_sa_seed42_kro124p",
  "n_trials": 50,
  "master_seed": 42,
  "seeds_per_instance": 50,
  "time_penalty": 0.05,
  "instances": [
    "kro124p"
  ],
  "min_n": 10,
  "max_n": 500
}