{
  "algorithm": "SA",
  "best_value": 11.15856208076721,
  "params": {
    "initial_temp": 6243.807031849253,
    "cooling_rate": 0.9102518586246776,
    "min_temp": 2.9413829239569294e-06,
    "max_steps": 4381,
    "p_nn_start": 1.00
  },
  "study_name": "tsp_sa_seed42_kro124p",
  "n_trials": 1000,
  "master_seed": 42,
  "seeds_per_instance": 3,
  "time_penalty": 0.05,
  "instances": [
    "kro124p"
  ],
  "min_n": 10,
  "max_n": 500
}
