{
  "algorithm": "SA",
  "best_value": 8.664807509339845,
  "params": {
    "initial_temp": 7856.268255145735,
    "cooling_rate": 0.9746832385868642,
    "min_temp": 1.3932988149558404e-05,
    "max_steps": 29112,
    "p_nn_start": 1.00
  },
  "study_name": "tsp_sa_seed42_a280",
  "n_trials": 1000,
  "master_seed": 42,
  "seeds_per_instance": 3,
  "time_penalty": 0.05,
  "instances": [
    "a280"
  ],
  "min_n": 10,
  "max_n": 500
}
