{
  "algorithm": "GA",
  "best_value": 17.42423301436449,
  "params": {
    "pop_size": 113,
    "generations": 1789,
    "mutation_rate": 0.9499485545287494,
    "tournament_k": 3
  },
  "study_name": "tsp_ga_seed42",
  "n_trials": 280,
  "master_seed": 42,
  "seeds_per_instance": 3,
  "time_penalty": 0.03,
  "instances": [
    "gr96",
    "rat99",
    "kroA100",
    "kroB100",
    "kroC100",
    "kroD100",
    "kroE100",
    "rd100",
    "eil101",
    "lin105",
    "pr107",
    "pr124",
    "bier127",
    "ch130",
    "pr136",
    "gr137",
    "pr144",
    "ch150",
    "kroA150",
    "kroB150",
    "pr152",
    "u159",
    "rat195",
    "d198",
    "kroA200",
    "kroB200",
    "gr202",
    "ts225",
    "tsp225",
    "pr226"
  ],
  "min_n": 81,
  "max_n": 500
}