{
  "algorithm": "ACO",
  "best_value": 11.653818175888894,
  "params": {
    "num_iterations": 186,
    "num_ants": 41,
    "alpha": 0.31253293753963507,
    "beta": 3.3993257929214735,
    "vaporization_coeff": 0.7435285628011301,
    "Q": 0.9912211839928748
  },
  "study_name": "tsp_aco_seed42_kro124p",
  "n_trials": 50,
  "master_seed": 42,
  "seeds_per_instance": 50,
  "time_penalty": 0.05,
  "instances": [
    "kro124p"
  ],
  "min_n": 10,
  "max_n": 500
}