{
  "algorithm": "ACO",
  "best_value": 7.754404148792921,
  "params": {
    "num_iterations": 96,
    "num_ants": 47,
    "alpha": 0.8491171314209793,
    "beta": 5.67312574669623,
    "vaporization_coeff": 0.8699118002811107,
    "Q": 0.9692803847822122
  },
  "study_name": "tsp_aco_seed42_a280",
  "n_trials": 50,
  "master_seed": 42,
  "seeds_per_instance": 3,
  "time_penalty": 0.05,
  "instances": [
    "a280"
  ],
  "min_n": 10,
  "max_n": 500
}